﻿pos_x,pos_y,rotation,side,designator,mpn,pack,footprint,value,mount_type
153.05,-96.0,180.0,top,C1,,,C_0805_2012Metric,0.1uF,smt
153.05,-94.0,180.0,top,C2,,,C_0805_2012Metric,1.0uF,smt
131.05,-94.775,90.0,top,J2,,,PinHeader_2x08_P2.54mm_Vertical,8x2 Sensor Connector,tht
162.0,-96.0,0.0,top,Q1,,,SOT-323_SC-70,BSS214NW,smt
112.0,-85.0,90.0,top,R1,,,R_0805_2012Metric,47R,smt
128.0,-87.0875,-90.0,top,R10,,,R_0805_2012Metric,47k,smt
138.0,-87.0,-90.0,top,R11,,,R_0805_2012Metric,47k,smt
108.0,-87.0,-90.0,top,R12,,,R_0805_2012Metric,47k,smt
118.0,-87.0,-90.0,top,R13,,,R_0805_2012Metric,47k,smt
166.0,-96.0,180.0,top,R14,,,R_0805_2012Metric,47R,smt
165.95,-94.0,180.0,top,R15,,,R_0805_2012Metric,47R,smt
132.0,-84.9125,90.0,top,R2,,,R_0805_2012Metric,47R,smt
152.0,-85.0,90.0,top,R3,,,R_0805_2012Metric,47R,smt
172.0,-84.9125,90.0,top,R4,,,R_0805_2012Metric,47R,smt
162.0875,-93.0,180.0,top,R5,,,R_0805_2012Metric,47k,smt
178.0,-87.0,-90.0,top,R6,,,R_0805_2012Metric,47k,smt
168.0,-87.0,-90.0,top,R7,,,R_0805_2012Metric,47k,smt
148.0,-87.0,-90.0,top,R8,,,R_0805_2012Metric,47k,smt
158.0,-87.0,-90.0,top,R9,,,R_0805_2012Metric,47k,smt
105.0,-86.0,0.0,top,U1,,,OnSemi_CASE100CY,QRE1113GR,smt
175.0,-86.0,0.0,top,U10,,,OnSemi_CASE100CY,QRE1113GR,smt
115.1,-86.0,0.0,top,U2,,,OnSemi_CASE100CY,QRE1113GR,smt
125.0,-86.0,0.0,top,U3,,,OnSemi_CASE100CY,QRE1113GR,smt
135.1,-86.0,0.0,top,U6,,,OnSemi_CASE100CY,QRE1113GR,smt
145.0,-86.0,0.0,top,U7,,,OnSemi_CASE100CY,QRE1113GR,smt
155.0,-86.0,0.0,top,U8,,,OnSemi_CASE100CY,QRE1113GR,smt
165.0,-86.0,0.0,top,U9,,,OnSemi_CASE100CY,QRE1113GR,smt
