﻿Designator,Quantity,Value,Footprint,Package,MPN,DNP,Mount_Type,Description,DigiKeyPartNumber
C1,1,0.1uF,C_0805_2012Metric,,,,smt,Unpolarized capacitor,478-KGM21NR71H104KTTR-ND
C2,1,1.0uF,C_0805_2012Metric,,,,smt,Unpolarized capacitor,1276-1029-2-ND
J2,1,8x2 Sensor Connector,PinHeader_2x08_P2.54mm_Vertical,,,,tht,"Generic connector, double row, 02x08, odd/even pin numbering scheme (row 1 odd numbers, row 2 even numbers), script generated (kicad-library-utils/schlib/autogen/connector/)",
Q1,1,BSS214NW,SOT-323_SC-70,,,,smt,"20V Vds, 1.5A Id, N-Channel MOSFET, SOT-323",QRE1113GRTR-ND
"R1, R14, R15, R2, R3, R4",6,47R,R_0805_2012Metric,,,,smt,Resistor,RMCF0805JT47R0TR-ND
"R10, R11, R12, R13, R5, R6, R7, R8, R9",9,47k,R_0805_2012Metric,,,,smt,Resistor,RMCF0805JT47K0TR-ND
"U1, U10, U2, U3, U6, U7, U8, U9",8,QRE1113GR,OnSemi_CASE100CY,,,,smt,"Miniature Reflective Optical Object Sensor, SMD-4",
